1;Arroz Integral 1kg;Arroz integral de grãos longos;5.99;15/09/2023
2;Feijão Preto 500g;Feijão preto de alta qualidade;3.49;15/12/2023
3;Leite Desnatado 1L;Leite desnatado enriquecido;2.29;31/08/2023
4;Azeite de Oliva Extra Virgem 500ml;Azeite de oliva de sabor suave;8.99;30/11/2023
5;Café em Grãos 250g;Café arábica torrado fresco;7.79;20/10/2023
6;Macarrão Espaguete 500g;Macarrão espaguete de trigo durum;1.89;31/07/2023
7;Atum em Lata 150g;Atum em lata em água;2.99;15/09/2023
8;Sabonete Líquido 250ml;Sabonete líquido suave para as mãos;1.49;30/06/2023
9;Tomate Cereja 250g;Tomates cereja frescos e suculentos;3.69;10/08/2023
10;Papel Higiênico 4 rolos;Papel higiênico macio e absorvente;2.79;31/12/2023
